Region,Month of Period End,Median Sale Price,Median Sale Price MoM ,Median Sale Price YoY ,Homes Sold,Homes Sold MoM ,Homes Sold YoY ,New Listings,New Listings MoM ,New Listings YoY ,Inventory,Inventory MoM , Inventory YoY ,Days on Market,Days on Market MoM,Days on Market YoY,Average Sale To List,Average Sale To List MoM ,Average Sale To List YoY 
 National,January 2014,$199K,-5.2%,11.4%,"305,198",-25.7%,-2.6%,"477,219",54.9%,-2.7%,"1,726,821",1.0%,1.9%,75,7,-4,96.8%,-0.2%,0.0%
,February 2014,$201K,0.7%,11.2%,"312,799",2.5%,-3.4%,"493,675",3.4%,-2.7%,"1,761,999",2.0%,1.9%,78,3,-1,97.0%,0.2%,0.0%
,March 2014,$209K,4.0%,8.6%,"394,649",26.2%,-6.5%,"644,927",30.6%,5.8%,"1,834,048",4.1%,3.5%,71,-7,0,97.2%,0.2%,-0.1%
,April 2014,$214K,2.7%,7.9%,"446,515",13.1%,-3.5%,"720,861",11.8%,4.3%,"1,903,597",3.8%,2.5%,59,-12,-1,97.5%,0.3%,-0.2%
,May 2014,$221K,2.9%,6.1%,"510,304",14.3%,-5.1%,"746,584",3.6%,5.5%,"1,978,676",3.9%,2.7%,52,-7,-3,97.7%,0.1%,-0.3%
,June 2014,$229K,3.7%,5.0%,"545,736",6.9%,3.2%,"703,267",-5.8%,7.8%,"2,056,717",3.9%,4.4%,48,-4,-4,97.8%,0.1%,-0.3%
,July 2014,$228K,-0.2%,4.6%,"537,376",-1.5%,-2.5%,"676,274",-3.8%,3.6%,"2,131,498",3.6%,6.6%,46,-2,-7,97.7%,-0.1%,-0.3%
,August 2014,$226K,-1.2%,4.7%,"517,576",-3.7%,-4.3%,"602,399",-10.9%,-1.9%,"2,120,659",-0.5%,6.0%,51,5,-3,97.5%,-0.2%,-0.3%
,September 2014,$219K,-3.1%,4.5%,"472,748",-8.7%,4.9%,"576,145",-4.4%,4.3%,"2,102,784",-0.8%,4.9%,56,6,-1,97.3%,-0.2%,-0.3%
,October 2014,$219K,0.0%,4.8%,"483,078",2.2%,7.3%,"558,673",-3.0%,2.8%,"2,041,554",-2.9%,3.2%,61,5,1,97.1%,-0.1%,-0.3%
,November 2014,$219K,0.3%,6.1%,"380,245",-21.3%,-1.5%,"399,312",-28.5%,-1.9%,"1,915,883",-6.2%,2.1%,64,3,0,97.1%,-0.1%,-0.1%
,December 2014,$221K,1.0%,5.3%,"447,642",17.7%,9.0%,"328,941",-17.6%,6.8%,"1,743,056",-9.0%,1.9%,68,4,-1,97.0%,-0.1%,-0.1%
,January 2015,$212K,-4.1%,6.6%,"311,272",-30.5%,2.0%,"514,232",56.3%,7.8%,"1,747,168",0.2%,1.2%,76,8,1,96.7%,-0.2%,-0.1%
,February 2015,$214K,0.8%,6.7%,"337,472",8.4%,7.9%,"526,223",2.3%,6.6%,"1,759,494",0.7%,-0.1%,76,0,-2,97.0%,0.3%,0.0%
,March 2015,$224K,4.8%,7.4%,"461,113",36.6%,16.8%,"706,317",34.2%,9.5%,"1,822,091",3.6%,-0.7%,67,-9,-4,97.5%,0.4%,0.3%
,April 2015,$231K,2.9%,7.6%,"498,979",8.2%,11.7%,"795,746",12.7%,10.4%,"1,936,506",6.3%,1.7%,55,-12,-4,97.8%,0.3%,0.3%
,May 2015,$238K,3.2%,8.0%,"547,738",9.8%,7.3%,"780,395",-1.9%,4.5%,"2,023,421",4.5%,2.3%,48,-7,-4,98.0%,0.2%,0.3%
,June 2015,$244K,2.4%,6.6%,"635,921",16.1%,16.5%,"758,549",-2.8%,7.9%,"2,058,981",1.8%,0.1%,45,-3,-3,98.1%,0.1%,0.4%
,July 2015,$241K,-1.1%,5.7%,"627,086",-1.4%,16.7%,"726,374",-4.2%,7.4%,"2,074,252",0.7%,-2.7%,45,0,-1,98.0%,-0.1%,0.4%
,August 2015,$239K,-1.1%,5.8%,"566,602",-9.6%,9.5%,"645,543",-11.1%,7.2%,"2,044,105",-1.5%,-3.6%,47,2,-4,97.9%,-0.2%,0.4%
,September 2015,$232K,-2.7%,6.1%,"528,318",-6.8%,11.8%,"606,165",-6.1%,5.2%,"2,014,110",-1.5%,-4.2%,50,3,-6,97.7%,-0.2%,0.4%
,October 2015,$232K,-0.1%,6.0%,"499,152",-5.5%,3.3%,"569,732",-6.0%,2.0%,"1,941,999",-3.6%,-4.9%,54,3,-8,97.5%,-0.2%,0.4%
,November 2015,$233K,0.5%,6.3%,"395,847",-20.7%,4.1%,"434,389",-23.8%,8.8%,"1,814,504",-6.6%,-5.3%,56,3,-8,97.4%,-0.1%,0.3%
,December 2015,$238K,1.9%,7.3%,"491,090",24.1%,9.7%,"339,449",-21.9%,3.2%,"1,626,320",-10.4%,-6.7%,60,4,-7,97.4%,0.0%,0.4%
,January 2016,$228K,-4.1%,7.3%,"343,529",-30.0%,10.4%,"500,056",47.3%,-2.8%,"1,614,467",-0.7%,-7.6%,66,5,-10,97.2%,-0.2%,0.5%
,February 2016,$227K,-0.6%,5.7%,"367,465",7.0%,8.9%,"587,071",17.4%,11.6%,"1,649,475",2.2%,-6.3%,68,3,-8,97.3%,0.1%,0.3%
,March 2016,$238K,5.1%,6.1%,"488,970",33.1%,6.0%,"756,176",28.8%,7.1%,"1,729,583",4.9%,-5.1%,60,-8,-7,97.8%,0.5%,0.4%
,April 2016,$245K,2.8%,6.0%,"529,073",8.2%,6.0%,"778,582",3.0%,-2.2%,"1,804,013",4.3%,-6.8%,49,-11,-6,98.1%,0.3%,0.3%
,May 2016,$251K,2.6%,5.4%,"594,284",12.3%,8.5%,"762,386",-2.1%,-2.3%,"1,842,500",2.1%,-8.9%,42,-6,-6,98.4%,0.2%,0.3%
,June 2016,$259K,3.0%,6.0%,"664,036",11.7%,4.4%,"761,931",-0.1%,0.4%,"1,883,514",2.2%,-8.5%,41,-2,-4,98.4%,0.1%,0.3%
,July 2016,$256K,-1.1%,6.0%,"587,646",-11.5%,-6.3%,"685,350",-10.1%,-5.6%,"1,901,641",1.0%,-8.3%,41,1,-4,98.4%,-0.1%,0.3%
,August 2016,$255K,-0.4%,6.8%,"617,281",5.0%,8.9%,"661,856",-3.4%,2.5%,"1,861,867",-2.1%,-8.9%,44,2,-3,98.2%,-0.2%,0.3%
,September 2016,$251K,-1.5%,8.2%,"554,992",-10.1%,5.0%,"614,656",-7.1%,1.4%,"1,841,378",-1.1%,-8.6%,47,3,-4,98.0%,-0.2%,0.3%
,October 2016,$251K,-0.3%,8.0%,"505,192",-9.0%,1.2%,"542,082",-11.8%,-4.9%,"1,756,261",-4.6%,-9.6%,49,3,-4,97.9%,-0.1%,0.4%
,November 2016,$254K,1.3%,8.8%,"478,507",-5.3%,20.9%,"445,348",-17.8%,2.5%,"1,621,292",-7.7%,-10.6%,51,2,-5,97.8%,-0.1%,0.4%
,December 2016,$253K,-0.3%,6.5%,"500,006",4.5%,1.8%,"333,524",-25.1%,-1.7%,"1,435,744",-11.4%,-11.7%,55,4,-5,97.7%,-0.1%,0.3%
,January 2017,$246K,-2.7%,8.0%,"362,869",-27.4%,5.6%,"508,569",52.5%,1.7%,"1,423,864",-0.8%,-11.8%,59,5,-6,97.5%,-0.1%,0.3%
,February 2017,$246K,0.1%,8.8%,"371,041",2.3%,1.0%,"571,792",12.4%,-2.6%,"1,454,746",2.2%,-11.8%,60,0,-9,97.7%,0.2%,0.4%
,March 2017,$256K,4.1%,7.6%,"536,259",44.5%,9.7%,"769,980",34.7%,1.8%,"1,531,341",5.3%,-11.5%,50,-10,-10,98.1%,0.4%,0.3%
,April 2017,$261K,2.0%,6.9%,"519,351",-3.2%,-1.8%,"731,076",-5.1%,-6.1%,"1,594,462",4.1%,-11.6%,41,-9,-8,98.5%,0.4%,0.4%
,May 2017,$268K,2.5%,6.8%,"634,144",22.1%,6.7%,"807,506",10.5%,5.9%,"1,654,191",3.7%,-10.2%,37,-4,-5,98.7%,0.2%,0.3%
,June 2017,$276K,3.0%,6.8%,"696,173",9.8%,4.8%,"788,500",-2.4%,3.5%,"1,712,988",3.6%,-9.1%,35,-2,-5,98.8%,0.1%,0.3%
,July 2017,$272K,-1.6%,6.2%,"594,704",-14.6%,1.2%,"691,968",-12.2%,1.0%,"1,724,997",0.7%,-9.3%,36,1,-5,98.7%,-0.1%,0.3%
,August 2017,$270K,-0.6%,6.0%,"631,951",6.3%,2.4%,"684,051",-1.1%,3.4%,"1,705,646",-1.1%,-8.4%,39,3,-5,98.5%,-0.2%,0.3%
,September 2017,$268K,-0.8%,6.7%,"537,867",-14.9%,-3.1%,"594,464",-13.1%,-3.3%,"1,685,772",-1.2%,-8.5%,42,4,-4,98.3%,-0.2%,0.3%
,October 2017,$267K,-0.4%,6.6%,"529,281",-1.6%,4.8%,"579,018",-2.6%,6.8%,"1,614,976",-4.2%,-8.0%,44,2,-5,98.2%,-0.1%,0.3%
,November 2017,$269K,0.8%,6.1%,"497,801",-5.9%,4.0%,"462,590",-20.1%,3.9%,"1,488,084",-7.9%,-8.2%,46,2,-5,98.1%,-0.1%,0.3%
,December 2017,$270K,0.4%,6.8%,"501,829",0.8%,0.4%,"330,254",-28.6%,-1.0%,"1,307,785",-12.1%,-8.9%,50,4,-4,98.0%,-0.1%,0.3%
,January 2018,$263K,-2.7%,6.8%,"368,261",-26.6%,1.5%,"509,564",54.3%,0.2%,"1,295,113",-1.0%,-9.0%,54,4,-5,97.8%,-0.2%,0.3%
,February 2018,$267K,1.6%,8.5%,"379,719",3.1%,2.3%,"570,579",12.0%,-0.2%,"1,335,992",3.2%,-8.2%,53,-1,-6,98.1%,0.3%,0.4%
,March 2018,$276K,3.4%,7.8%,"523,026",37.7%,-2.5%,"736,684",29.1%,-4.3%,"1,394,345",4.4%,-8.9%,45,-8,-5,98.5%,0.4%,0.4%
,April 2018,$280K,1.4%,7.1%,"547,669",4.7%,5.5%,"780,739",6.0%,6.8%,"1,474,294",5.7%,-7.5%,36,-9,-5,98.8%,0.3%,0.3%
,May 2018,$286K,2.3%,6.8%,"637,069",16.3%,0.5%,"844,006",8.1%,4.5%,"1,579,766",7.2%,-4.5%,33,-4,-5,98.9%,0.1%,0.2%
,June 2018,$292K,1.9%,5.6%,"674,159",5.8%,-3.2%,"786,654",-6.8%,-0.2%,"1,654,562",4.7%,-3.4%,31,-2,-4,99.0%,0.0%,0.2%
,July 2018,$286K,-1.8%,5.4%,"626,396",-7.1%,5.3%,"723,480",-8.0%,4.6%,"1,677,600",1.4%,-2.7%,32,1,-4,98.8%,-0.2%,0.1%
,August 2018,$283K,-1.2%,4.7%,"643,128",2.7%,1.8%,"714,706",-1.2%,4.5%,"1,702,121",1.5%,-0.2%,36,4,-3,98.5%,-0.3%,0.0%
,September 2018,$277K,-2.1%,3.3%,"501,647",-22.0%,-6.7%,"606,975",-15.1%,2.1%,"1,722,037",1.2%,2.2%,39,3,-3,98.3%,-0.2%,0.0%
,October 2018,$277K,-0.1%,3.6%,"532,384",6.1%,0.6%,"609,696",0.4%,5.3%,"1,690,627",-1.8%,4.7%,43,4,-1,98.1%,-0.2%,-0.1%
,November 2018,$278K,0.4%,3.2%,"482,491",-9.4%,-3.1%,"468,083",-23.2%,1.2%,"1,588,159",-6.1%,6.7%,46,3,0,97.9%,-0.2%,-0.2%
,December 2018,$277K,-0.4%,2.4%,"447,695",-7.2%,-10.8%,"320,478",-31.5%,-3.0%,"1,416,354",-10.8%,8.3%,51,5,1,97.7%,-0.2%,-0.3%
,January 2019,$272K,-1.8%,3.3%,"338,329",-24.4%,-8.1%,"535,795",67.2%,5.1%,"1,431,275",1.1%,10.5%,57,6,3,97.5%,-0.2%,-0.3%
,February 2019,$275K,1.1%,2.8%,"376,961",11.4%,-0.7%,"548,608",2.4%,-3.9%,"1,449,674",1.3%,8.5%,59,2,5,97.8%,0.3%,-0.3%
,March 2019,$282K,2.8%,2.2%,"493,719",31.0%,-5.6%,"716,152",30.5%,-2.8%,"1,504,753",3.8%,7.9%,50,-9,4,98.1%,0.3%,-0.4%
,April 2019,$289K,2.3%,3.2%,"554,176",12.2%,1.2%,"787,880",10.0%,0.9%,"1,574,669",4.6%,6.8%,41,-8,5,98.4%,0.3%,-0.4%
,May 2019,$297K,2.9%,3.8%,"651,082",17.5%,2.2%,"841,561",6.8%,-0.3%,"1,670,427",6.1%,5.7%,37,-5,4,98.6%,0.2%,-0.3%
,June 2019,$302K,1.5%,3.4%,"628,840",-3.4%,-6.7%,"744,469",-11.5%,-5.4%,"1,711,305",2.4%,3.4%,35,-1,5,98.7%,0.1%,-0.3%
,July 2019,$299K,-0.9%,4.3%,"641,558",2.0%,2.4%,"712,000",-4.4%,-1.6%,"1,696,641",-0.9%,1.1%,36,1,4,98.6%,-0.1%,-0.2%
,August 2019,$295K,-1.3%,4.3%,"632,915",-1.3%,-1.6%,"679,376",-4.6%,-4.9%,"1,676,372",-1.2%,-1.5%,39,3,3,98.4%,-0.2%,-0.1%
,September 2019,$291K,-1.3%,5.1%,"536,718",-15.2%,7.0%,"626,318",-7.8%,3.2%,"1,668,186",-0.5%,-3.1%,41,3,2,98.3%,-0.1%,0.0%
,October 2019,$293K,0.6%,5.9%,"548,315",2.2%,3.0%,"611,197",-2.4%,0.2%,"1,616,294",-3.1%,-4.4%,44,2,0,98.2%,-0.1%,0.1%
,November 2019,$293K,0.0%,5.5%,"484,678",-11.6%,0.5%,"442,866",-27.5%,-5.4%,"1,477,874",-8.6%,-6.9%,45,2,-1,98.1%,-0.1%,0.2%
,December 2019,$295K,0.6%,6.5%,"516,208",6.5%,15.3%,"325,380",-26.5%,1.5%,"1,278,675",-13.5%,-9.7%,50,5,-1,98.0%,-0.1%,0.2%
,January 2020,$289K,-2.0%,6.3%,"381,743",-26.0%,12.8%,"533,679",64.0%,-0.4%,"1,271,702",-0.5%,-11.1%,56,6,-1,97.7%,-0.2%,0.3%
,February 2020,$293K,1.5%,6.7%,"409,881",7.4%,8.7%,"587,328",10.1%,7.1%,"1,287,925",1.3%,-11.2%,55,-1,-4,98.1%,0.4%,0.3%
,March 2020,$302K,3.1%,7.0%,"512,764",25.1%,3.9%,"668,785",13.9%,-6.6%,"1,342,422",4.2%,-10.8%,44,-12,-6,98.6%,0.5%,0.5%
,April 2020,$303K,0.2%,4.8%,"442,183",-13.8%,-20.2%,"476,977",-28.7%,-39.5%,"1,325,222",-1.3%,-15.8%,35,-9,-6,98.8%,0.2%,0.4%
,May 2020,$298K,-1.5%,0.3%,"427,856",-3.2%,-34.3%,"641,463",34.5%,-23.8%,"1,319,458",-0.4%,-21.0%,38,3,1,98.5%,-0.3%,-0.1%
,June 2020,$310K,4.0%,2.9%,"595,307",39.1%,-5.3%,"717,216",11.8%,-3.7%,"1,254,665",-4.9%,-26.7%,39,0,3,98.7%,0.2%,0.0%
,July 2020,$321K,3.6%,7.6%,"710,372",19.3%,10.7%,"761,792",6.2%,7.0%,"1,219,460",-2.8%,-28.1%,35,-4,-1,99.0%,0.3%,0.5%
,August 2020,$327K,1.8%,10.9%,"672,043",-5.4%,6.2%,"718,598",-5.7%,5.8%,"1,172,579",-3.8%,-30.1%,31,-4,-8,99.2%,0.2%,0.8%
,September 2020,$331K,1.1%,13.5%,"669,116",-0.4%,24.7%,"704,228",-2.0%,12.4%,"1,148,628",-2.0%,-31.1%,29,-2,-12,99.4%,0.2%,1.2%
,October 2020,$334K,1.1%,14.0%,"680,453",1.7%,24.1%,"688,183",-2.3%,12.6%,"1,113,749",-3.0%,-31.1%,29,-1,-15,99.5%,0.1%,1.3%
,November 2020,$333K,-0.4%,13.6%,"589,931",-13.3%,21.7%,"495,830",-28.0%,12.0%,"988,475",-11.2%,-33.1%,28,-1,-17,99.5%,0.0%,1.4%
,December 2020,$332K,-0.2%,12.7%,"635,242",7.7%,23.1%,"395,572",-20.2%,21.6%,"824,566",-16.6%,-35.5%,31,3,-20,99.4%,-0.2%,1.4%
,January 2021,$329K,-0.8%,14.1%,"435,843",-31.4%,14.2%,"497,223",25.7%,-6.8%,"766,035",-7.1%,-39.8%,34,4,-22,99.3%,0.0%,1.6%
,February 2021,$335K,1.8%,14.4%,"440,526",1.1%,7.5%,"505,778",1.7%,-13.9%,"716,849",-6.4%,-44.3%,33,-2,-23,99.8%,0.4%,1.7%
,March 2021,$352K,4.9%,16.5%,"592,384",34.5%,15.5%,"701,694",38.7%,4.9%,"708,161",-1.2%,-47.2%,26,-7,-18,100.6%,0.8%,2.0%
,April 2021,$368K,4.5%,21.5%,"625,352",5.6%,41.4%,"762,275",8.6%,59.8%,"761,411",7.5%,-42.5%,19,-7,-16,101.5%,1.0%,2.7%
,May 2021,$375K,2.0%,25.8%,"633,638",1.3%,48.1%,"742,507",-2.6%,15.8%,"777,091",2.1%,-41.1%,16,-3,-22,102.2%,0.7%,3.7%
,June 2021,$386K,2.8%,24.3%,"731,000",15.4%,22.8%,"805,450",8.5%,12.3%,"840,539",8.2%,-33.0%,15,-1,-24,102.5%,0.4%,3.8%
,July 2021,$384K,-0.5%,19.4%,"678,651",-7.2%,-4.5%,"782,551",-2.8%,2.7%,"917,633",9.2%,-24.8%,15,0,-20,102.3%,-0.3%,3.2%
,August 2021,$380K,-1.0%,16.2%,"661,415",-2.5%,-1.6%,"691,688",-11.6%,-3.7%,"867,032",-5.5%,-26.1%,16,1,-15,101.6%,-0.6%,2.4%
"Los Angeles, CA",January 2014,$450K,-4.3%,26.8%,"1,842",-22.6%,-10.2%,"2,929",75.2%,4.6%,"5,080",9.3%,26.8%,33,8,6,99.5%,-0.1%,0.0%
,February 2014,$465K,3.3%,20.8%,"1,716",-6.8%,-10.9%,"2,787",-4.8%,3.3%,"5,157",1.5%,30.1%,31,-2,10,99.3%,-0.2%,-0.5%
,March 2014,$495K,6.5%,19.3%,"2,094",22.0%,-14.8%,"3,301",18.4%,11.6%,"5,481",6.3%,43.6%,23,-8,5,99.8%,0.6%,-0.6%
,April 2014,$495K,0.0%,15.1%,"2,349",12.2%,-8.8%,"3,277",-0.7%,-6.6%,"5,572",1.7%,32.3%,22,-1,5,99.7%,-0.2%,-1.1%
,May 2014,$515K,4.0%,14.4%,"2,513",7.0%,-13.0%,"3,408",4.0%,0.7%,"5,714",2.5%,30.1%,21,-1,6,100.1%,0.4%,-0.9%
,June 2014,$505K,-1.9%,7.6%,"2,491",-0.9%,-7.1%,"3,244",-4.8%,-4.9%,"6,110",6.9%,24.5%,20,-1,5,99.9%,-0.2%,-1.7%
,July 2014,$520K,3.0%,10.6%,"2,594",4.1%,-2.6%,"3,340",3.0%,-9.4%,"6,597",8.0%,23.2%,21,1,6,99.8%,-0.1%,-1.5%
,August 2014,$525K,1.0%,12.9%,"2,351",-9.4%,-20.5%,"3,020",-9.6%,-12.0%,"6,614",0.3%,19.6%,24,3,7,99.2%,-0.6%,-1.5%
,September 2014,$505K,-3.8%,7.3%,"2,266",-3.6%,-4.2%,"2,932",-2.9%,-8.8%,"6,683",1.0%,13.1%,28,4,9,99.5%,0.2%,-1.3%
,October 2014,$525K,4.0%,12.7%,"2,461",8.6%,-4.5%,"3,081",5.1%,-1.9%,"6,528",-2.3%,11.1%,32,4,11,99.3%,-0.1%,-1.0%
,November 2014,$520K,-1.0%,14.3%,"1,969",-20.0%,-12.1%,"2,201",-28.6%,-1.8%,"6,038",-7.5%,13.3%,33,1,10,98.9%,-0.4%,-1.1%
,December 2014,$509K,-2.1%,8.3%,"2,351",19.4%,-1.2%,"1,575",-28.4%,-5.8%,"5,016",-16.9%,7.9%,35,2,10,98.9%,0.0%,-0.7%
,January 2015,$505K,-0.8%,12.2%,"1,685",-28.3%,-8.5%,"2,940",86.7%,0.4%,"5,354",6.7%,5.4%,41,6,8,98.7%,-0.3%,-0.8%
,February 2015,$510K,1.0%,9.7%,"1,719",2.0%,0.2%,"2,934",-0.2%,5.3%,"5,559",3.8%,7.8%,40,-1,9,98.9%,0.2%,-0.4%
,March 2015,$524K,2.6%,5.8%,"2,325",35.3%,11.0%,"3,310",12.8%,0.3%,"5,625",1.2%,2.6%,26,-14,3,99.5%,0.6%,-0.4%
,April 2015,$550K,5.1%,11.1%,"2,559",10.1%,8.9%,"3,376",2.0%,3.0%,"5,845",3.9%,4.9%,23,-3,1,99.8%,0.3%,0.1%
,May 2015,$539K,-2.0%,4.7%,"2,476",-3.2%,-1.5%,"3,227",-4.4%,-5.3%,"5,987",2.4%,4.8%,24,1,3,99.8%,0.0%,-0.2%
,June 2015,$551K,2.2%,9.1%,"2,745",10.9%,10.2%,"3,510",8.8%,8.2%,"6,306",5.3%,3.2%,21,-3,1,100.1%,0.3%,0.2%
,July 2015,$560K,1.6%,7.7%,"2,792",1.7%,7.6%,"3,464",-1.3%,3.7%,"6,428",1.9%,-2.6%,22,1,1,100.0%,-0.1%,0.2%
,August 2015,$565K,0.9%,7.6%,"2,570",-8.0%,9.3%,"3,239",-6.5%,7.3%,"6,491",1.0%,-1.9%,24,2,0,100.0%,-0.1%,0.7%
,September 2015,$539K,-4.7%,6.6%,"2,461",-4.2%,8.6%,"2,977",-8.1%,1.5%,"6,493",0.0%,-2.8%,26,2,-2,99.8%,-0.1%,0.4%
,October 2015,$550K,2.1%,4.8%,"2,424",-1.5%,-1.5%,"3,014",1.2%,-2.2%,"6,338",-2.4%,-2.9%,27,1,-5,99.7%,-0.1%,0.4%
,November 2015,$562K,2.2%,8.1%,"1,850",-23.7%,-6.0%,"2,280",-24.4%,3.6%,"5,952",-6.1%,-1.4%,31,4,-2,99.5%,-0.2%,0.5%
,December 2015,$560K,-0.4%,10.0%,"2,447",32.3%,4.1%,"1,666",-26.9%,5.8%,"5,038",-15.4%,0.4%,31,0,-4,99.3%,-0.2%,0.4%
,January 2016,$555K,-0.9%,9.9%,"1,759",-28.1%,4.4%,"2,728",63.7%,-7.2%,"5,623",11.6%,5.0%,39,8,-2,98.9%,-0.4%,0.2%
,February 2016,$575K,3.6%,12.7%,"1,709",-2.8%,-0.6%,"2,918",7.0%,-0.5%,"5,795",3.1%,4.2%,42,3,2,99.3%,0.4%,0.5%
,March 2016,$573K,-0.4%,9.4%,"2,371",38.7%,2.0%,"3,388",16.1%,2.4%,"5,988",3.3%,6.5%,33,-9,7,100.0%,0.6%,0.5%
,April 2016,$600K,4.8%,9.1%,"2,361",-0.4%,-7.7%,"3,339",-1.4%,-1.1%,"6,216",3.8%,6.3%,30,-3,7,100.0%,0.0%,0.2%
,May 2016,$600K,0.0%,11.3%,"2,528",7.1%,2.1%,"3,363",0.7%,4.2%,"6,427",3.4%,7.3%,31,1,7,99.9%,-0.1%,0.0%
,June 2016,$591K,-1.6%,7.2%,"2,752",8.9%,0.3%,"3,578",6.4%,1.9%,"6,831",6.3%,8.3%,30,-1,9,100.2%,0.3%,0.1%
,July 2016,$608K,3.0%,8.6%,"2,512",-8.7%,-10.0%,"3,412",-4.6%,-1.5%,"7,205",5.5%,12.1%,29,-1,7,99.9%,-0.3%,-0.1%
,August 2016,$610K,0.3%,8.0%,"2,588",3.0%,0.7%,"3,550",4.0%,9.6%,"7,532",4.5%,16.0%,33,4,9,99.9%,0.0%,0.0%
,September 2016,$600K,-1.6%,11.4%,"2,493",-3.7%,1.3%,"3,382",-4.7%,13.6%,"7,760",3.0%,19.5%,37,4,11,99.7%,-0.3%,-0.2%
,October 2016,$609K,1.5%,10.7%,"2,309",-7.4%,-4.7%,"2,875",-15.0%,-4.6%,"7,575",-2.4%,19.5%,37,0,10,99.3%,-0.4%,-0.4%
,November 2016,$615K,0.9%,9.3%,"2,220",-3.9%,20.0%,"2,207",-23.2%,-3.2%,"6,972",-8.0%,17.1%,41,4,10,99.3%,0.0%,-0.2%
,December 2016,$591K,-3.8%,5.6%,"2,328",4.9%,-4.9%,"1,471",-33.3%,-11.7%,"5,776",-17.2%,14.6%,47,6,16,99.1%,-0.2%,-0.2%
,January 2017,$618K,4.5%,11.3%,"1,826",-21.6%,3.8%,"2,551",73.4%,-6.5%,"5,874",1.7%,4.5%,52,5,13,99.3%,0.2%,0.4%
,February 2017,$615K,-0.4%,7.0%,"1,724",-5.6%,0.9%,"2,590",1.5%,-11.2%,"5,955",1.4%,2.8%,56,4,14,99.4%,0.1%,0.1%
,March 2017,$630K,2.4%,10.0%,"2,482",44.0%,4.7%,"3,606",39.2%,6.4%,"6,468",8.6%,8.0%,39,-17,6,99.6%,0.2%,-0.4%
,April 2017,$640K,1.6%,6.7%,"2,258",-9.0%,-4.4%,"3,242",-10.1%,-2.9%,"6,729",4.0%,8.3%,34,-5,4,100.5%,0.9%,0.5%
,May 2017,$670K,4.7%,11.7%,"2,677",18.6%,5.9%,"3,564",9.9%,6.0%,"6,881",2.3%,7.1%,34,0,3,100.3%,-0.1%,0.5%
,June 2017,$668K,-0.3%,13.1%,"3,038",13.5%,10.4%,"3,428",-3.8%,-4.2%,"6,980",1.4%,2.2%,33,-1,3,100.4%,0.0%,0.2%
,July 2017,$673K,0.7%,10.6%,"2,428",-20.1%,-3.3%,"3,155",-8.0%,-7.5%,"7,028",0.7%,-2.5%,34,1,5,100.4%,0.0%,0.5%
,August 2017,$650K,-3.3%,6.6%,"2,920",20.3%,12.8%,"3,164",0.3%,-10.9%,"6,875",-2.2%,-8.7%,36,2,3,100.1%,-0.3%,0.2%
,September 2017,$660K,1.5%,10.0%,"2,399",-17.8%,-3.8%,"2,906",-8.2%,-14.1%,"6,787",-1.3%,-12.5%,40,4,3,100.1%,0.0%,0.5%
,October 2017,$655K,-0.8%,7.6%,"2,417",0.8%,4.7%,"2,890",-0.6%,0.5%,"6,544",-3.6%,-13.6%,38,-2,1,100.1%,0.0%,0.8%
,November 2017,$665K,1.5%,8.2%,"2,323",-3.9%,4.6%,"2,234",-22.7%,1.2%,"5,905",-9.8%,-15.3%,38,0,-3,100.3%,0.3%,1.0%
,December 2017,$660K,-0.8%,11.6%,"2,302",-0.9%,-1.1%,"1,337",-40.2%,-9.1%,"4,759",-19.4%,-17.6%,42,4,-5,100.1%,-0.3%,1.0%
,January 2018,$639K,-3.1%,3.5%,"1,761",-23.5%,-3.6%,"2,720",103.4%,6.6%,"5,230",9.9%,-11.0%,45,3,-7,99.9%,-0.1%,0.6%
,February 2018,$690K,7.9%,12.2%,"1,663",-5.6%,-3.5%,"2,794",2.7%,7.9%,"5,532",5.8%,-7.1%,40,-5,-16,100.4%,0.5%,1.0%
,March 2018,$685K,-0.7%,8.7%,"2,388",43.6%,-3.8%,"3,117",11.6%,-13.6%,"5,766",4.2%,-10.9%,34,-6,-5,100.8%,0.3%,1.2%
,April 2018,$700K,2.2%,9.4%,"2,317",-3.0%,2.6%,"3,410",9.4%,5.2%,"6,304",9.3%,-6.3%,33,-1,-1,100.8%,0.1%,0.4%
,May 2018,$710K,1.4%,6.0%,"2,507",8.2%,-6.4%,"3,455",1.3%,-3.1%,"6,617",5.0%,-3.8%,31,-2,-3,100.8%,0.0%,0.5%
,June 2018,$730K,2.8%,9.3%,"2,639",5.3%,-13.1%,"3,288",-4.8%,-4.1%,"6,866",3.8%,-1.6%,33,2,0,100.7%,-0.1%,0.4%
,July 2018,$700K,-4.1%,4.1%,"2,448",-7.2%,0.8%,"3,303",0.5%,4.7%,"7,149",4.1%,1.7%,34,1,0,100.3%,-0.5%,-0.1%
,August 2018,$717K,2.4%,10.2%,"2,653",8.4%,-9.1%,"3,211",-2.8%,1.5%,"7,279",1.8%,5.9%,36,2,0,100.3%,0.0%,0.2%
,September 2018,$685K,-4.4%,3.8%,"1,999",-24.7%,-16.7%,"3,073",-4.3%,5.7%,"7,776",6.8%,14.6%,38,2,-2,99.8%,-0.4%,-0.3%
,October 2018,$700K,2.2%,6.9%,"2,224",11.3%,-8.0%,"3,030",-1.4%,4.8%,"7,880",1.3%,20.4%,41,3,3,99.4%,-0.4%,-0.7%
,November 2018,$699K,-0.2%,5.0%,"1,938",-12.9%,-16.6%,"2,401",-20.8%,7.5%,"7,640",-3.0%,29.4%,41,0,3,99.4%,0.0%,-0.9%
,December 2018,$690K,-1.2%,4.5%,"1,885",-2.7%,-18.1%,"1,295",-46.1%,-3.1%,"6,440",-15.7%,35.3%,46,5,4,99.0%,-0.5%,-1.1%
,January 2019,$670K,-2.9%,4.8%,"1,466",-22.2%,-16.8%,"2,725",110.4%,0.2%,"7,028",9.1%,34.4%,53,7,8,98.5%,-0.5%,-1.5%
,February 2019,$665K,-0.7%,-3.6%,"1,488",1.5%,-10.5%,"2,449",-10.1%,-12.3%,"7,411",5.4%,34.0%,56,3,16,98.7%,0.2%,-1.8%
,March 2019,$720K,8.3%,5.1%,"1,969",32.3%,-17.5%,"3,073",25.5%,-1.4%,"7,761",4.7%,34.6%,54,-2,20,99.0%,0.3%,-1.8%
,April 2019,$728K,1.1%,4.0%,"2,319",17.8%,0.1%,"3,147",2.4%,-7.7%,"7,894",1.7%,25.2%,49,-5,16,99.4%,0.4%,-1.5%
,May 2019,$724K,-0.6%,2.0%,"2,436",5.0%,-2.8%,"3,389",7.7%,-1.9%,"8,235",4.3%,24.5%,47,-2,16,99.8%,0.4%,-1.0%
,June 2019,$749K,3.5%,2.6%,"2,302",-5.5%,-12.8%,"3,095",-8.7%,-5.9%,"8,373",1.7%,21.9%,48,1,15,99.7%,-0.1%,-1.0%
,July 2019,$749K,0.0%,7.0%,"2,429",5.5%,-0.8%,"3,119",0.8%,-5.6%,"8,294",-0.9%,16.0%,48,0,14,99.5%,-0.2%,-0.7%
,August 2019,$730K,-2.5%,1.9%,"2,476",1.9%,-6.7%,"2,899",-7.1%,-9.7%,"7,964",-4.0%,9.4%,50,2,14,99.3%,-0.2%,-1.0%
,September 2019,$738K,1.1%,7.7%,"2,229",-10.0%,11.5%,"2,880",-0.7%,-6.3%,"7,947",-0.2%,2.2%,51,1,13,99.5%,0.2%,-0.3%
,October 2019,$740K,0.3%,5.7%,"2,338",4.9%,5.1%,"2,812",-2.4%,-7.2%,"7,722",-2.8%,-2.0%,51,0,10,99.5%,0.0%,0.1%
,November 2019,$755K,2.0%,8.1%,"2,020",-13.6%,4.2%,"1,894",-32.6%,-21.1%,"6,949",-10.0%,-9.0%,51,0,10,99.6%,0.1%,0.2%
,December 2019,$755K,0.0%,9.4%,"2,154",6.6%,14.3%,"1,286",-32.1%,-0.7%,"5,404",-22.2%,-16.1%,56,5,10,99.2%,-0.4%,0.3%
,January 2020,$739K,-2.1%,10.3%,"1,750",-18.8%,19.4%,"2,598",102.0%,-4.7%,"5,768",6.7%,-17.9%,63,7,10,99.0%,-0.2%,0.6%
,February 2020,$750K,1.5%,12.8%,"1,665",-4.9%,11.9%,"2,634",1.4%,7.6%,"6,077",5.4%,-18.0%,52,-11,-4,99.8%,0.8%,1.1%
,March 2020,$775K,3.3%,7.6%,"1,951",17.2%,-0.9%,"2,389",-9.3%,-22.3%,"6,013",-1.1%,-22.5%,44,-8,-10,100.4%,0.6%,1.4%
,April 2020,$730K,-5.8%,0.2%,"1,268",-35.0%,-45.3%,"1,642",-31.3%,-47.8%,"5,995",-0.3%,-24.1%,42,-2,-7,100.0%,-0.3%,0.6%
,May 2020,$750K,2.7%,3.5%,"1,086",-14.4%,-55.4%,"2,558",55.8%,-24.5%,"6,698",11.7%,-18.7%,49,7,2,99.0%,-1.0%,-0.8%
,June 2020,$750K,0.1%,0.1%,"1,644",51.4%,-28.6%,"2,995",17.1%,-3.2%,"7,220",7.8%,-13.8%,48,-1,0,99.0%,0.0%,-0.7%
,July 2020,$810K,8.0%,8.1%,"2,266",37.8%,-6.7%,"3,458",15.5%,10.9%,"7,532",4.3%,-9.2%,45,-3,-3,99.8%,0.7%,0.3%
,August 2020,$825K,1.9%,13.0%,"2,314",2.1%,-6.5%,"3,405",-1.5%,17.5%,"7,785",3.4%,-2.2%,45,0,-5,100.1%,0.3%,0.7%
,September 2020,$840K,1.8%,13.8%,"2,558",10.5%,14.8%,"3,585",5.3%,24.5%,"8,113",4.2%,2.1%,43,-2,-8,100.6%,0.5%,1.1%
,October 2020,$860K,2.4%,16.2%,"2,622",2.5%,12.1%,"3,595",0.3%,27.8%,"8,325",2.6%,7.8%,42,-1,-9,100.8%,0.3%,1.3%
,November 2020,$830K,-3.5%,9.9%,"2,276",-13.2%,12.7%,"2,444",-32.0%,29.0%,"7,653",-8.1%,10.1%,43,1,-8,100.8%,0.0%,1.2%
,December 2020,$836K,0.7%,10.7%,"2,734",20.1%,26.9%,"1,880",-23.1%,46.2%,"6,331",-17.3%,17.2%,48,5,-8,100.6%,-0.3%,1.3%
,January 2021,$825K,-1.3%,11.6%,"2,021",-26.1%,15.5%,"2,688",43.0%,3.5%,"6,287",-0.7%,9.0%,50,2,-13,100.4%,-0.1%,1.4%
,February 2021,$847K,2.7%,12.9%,"2,093",3.6%,25.7%,"2,896",7.7%,9.9%,"6,273",-0.2%,3.2%,50,0,-2,100.7%,0.3%,0.9%
,March 2021,$885K,4.5%,14.2%,"2,860",36.6%,46.6%,"3,475",20.0%,45.5%,"6,290",0.3%,4.6%,40,-10,-4,101.7%,1.0%,1.3%
,April 2021,$900K,1.7%,23.3%,"2,932",2.5%,131.2%,"3,365",-3.2%,104.9%,"6,294",0.1%,5.0%,38,-2,-4,102.7%,1.0%,2.7%
,May 2021,$920K,2.2%,22.7%,"2,744",-6.4%,152.7%,"3,413",1.4%,33.4%,"6,461",2.7%,-3.5%,37,-1,-12,103.2%,0.5%,4.2%
,June 2021,$937K,1.8%,24.9%,"3,053",11.3%,85.7%,"3,556",4.2%,18.7%,"6,448",-0.2%,-10.7%,35,-2,-13,103.6%,0.4%,4.6%
,July 2021,$920K,-1.8%,13.6%,"2,830",-7.3%,24.9%,"3,453",-2.9%,-0.1%,"6,530",1.3%,-13.3%,36,1,-9,103.3%,-0.4%,3.5%
,August 2021,$917K,-0.3%,11.2%,"2,624",-7.3%,13.4%,"3,077",-10.9%,-9.6%,"6,010",-8.0%,-22.8%,38,2,-7,103.1%,-0.2%,3.0%
"Los Angeles, CA - Brentwood",January 2014,"$1,360K",-2.6%,-0.4%,95,-8.7%,-14.4%,90,-7.2%,-18.2%,76,0.0%,-14.6%,35,9,2,98.7%,-0.6%,1.4%
,February 2014,"$1,376K",1.2%,-8.1%,96,1.1%,-4.0%,104,15.6%,-19.4%,96,26.3%,-3.0%,35,-1,2,99.4%,0.7%,2.4%
,March 2014,"$1,195K",-13.1%,21.0%,72,-25.0%,-25.0%,167,60.6%,7.1%,119,24.0%,12.3%,30,-5,-4,100.0%,0.5%,1.2%
,April 2014,"$1,075K",-10.0%,-11.5%,81,12.5%,-32.5%,179,7.2%,-1.6%,115,-3.4%,0.9%,24,-6,-7,99.4%,-0.5%,-0.2%
,May 2014,"$1,113K",3.5%,0.9%,102,25.9%,-26.1%,196,9.5%,-3.4%,112,-2.6%,-5.1%,21,-4,-6,98.1%,-1.3%,-1.8%
,June 2014,"$1,430K",28.5%,-1.4%,130,27.5%,-15.0%,179,-8.7%,-8.2%,123,9.8%,10.8%,21,0,-6,97.9%,-0.2%,-2.5%
,July 2014,"$1,470K",2.8%,2.3%,132,1.5%,-16.5%,183,2.2%,7.6%,127,3.3%,15.5%,26,6,1,97.8%,-0.1%,-2.4%
,August 2014,"$1,270K",-13.6%,-10.9%,140,6.1%,-9.7%,170,-7.1%,16.4%,120,-5.5%,15.4%,26,0,1,98.3%,0.5%,-2.1%
,September 2014,"$1,105K",-13.0%,-14.5%,135,-3.6%,-2.9%,160,-5.9%,8.8%,128,6.7%,7.6%,28,2,7,98.0%,-0.4%,-2.0%
,October 2014,"$1,090K",-1.4%,-12.3%,144,6.7%,21.0%,161,0.6%,12.6%,121,-5.5%,0.8%,25,-3,4,98.8%,0.8%,-1.8%
,November 2014,"$1,290K",18.3%,-3.2%,126,-12.5%,34.0%,139,-13.7%,6.9%,98,-19.0%,-6.7%,28,3,4,98.9%,0.1%,-1.2%
,December 2014,"$1,695K",31.4%,21.4%,123,-2.4%,18.3%,111,-20.1%,14.4%,73,-25.5%,-3.9%,24,-4,-2,101.1%,2.2%,1.8%
,January 2015,"$1,558K",-8.1%,14.5%,108,-12.2%,13.7%,102,-8.1%,13.3%,87,19.2%,14.5%,29,5,-7,101.0%,-0.1%,2.3%
,February 2015,"$1,533K",-1.6%,11.4%,96,-11.1%,0.0%,114,11.8%,9.6%,87,0.0%,-9.4%,24,-5,-11,101.0%,0.0%,1.6%
,March 2015,"$1,095K",-28.6%,-8.4%,82,-14.6%,13.9%,157,37.7%,-6.0%,105,20.7%,-11.8%,28,4,-2,99.5%,-1.5%,-0.4%
,April 2015,"$1,421K",29.8%,32.2%,99,20.7%,22.2%,174,10.8%,-2.8%,116,10.5%,0.9%,20,-9,-5,100.9%,1.3%,1.5%
,May 2015,"$1,635K",15.1%,47.0%,119,20.2%,16.7%,194,11.5%,-1.0%,124,6.9%,10.7%,21,2,1,101.5%,0.6%,3.4%
,June 2015,"$1,625K",-0.6%,13.6%,145,21.8%,11.5%,196,1.0%,9.5%,134,8.1%,8.9%,20,-1,-1,101.7%,0.2%,3.7%
,July 2015,"$1,350K",-16.9%,-8.2%,149,2.8%,12.9%,171,-12.8%,-6.6%,124,-7.5%,-2.4%,20,0,-6,100.5%,-1.1%,2.7%
,August 2015,"$1,290K",-4.4%,1.6%,133,-10.7%,-5.0%,172,0.6%,1.2%,145,16.9%,20.8%,20,0,-6,100.3%,-0.2%,2.0%
,September 2015,"$1,070K",-17.1%,-3.2%,116,-12.8%,-14.1%,169,-1.7%,5.6%,150,3.4%,17.2%,37,17,9,99.6%,-0.8%,1.6%
,October 2015,"$1,090K",1.9%,0.0%,109,-6.0%,-24.3%,176,4.1%,9.3%,141,-6.0%,16.5%,36,-1,11,100.3%,0.7%,1.5%
,November 2015,"$1,215K",11.4%,-5.9%,116,6.4%,-7.9%,151,-14.2%,8.6%,127,-9.9%,29.6%,25,-11,-3,100.1%,-0.1%,1.3%
,December 2015,"$1,375K",13.2%,-18.9%,114,-1.7%,-7.3%,112,-25.8%,0.9%,98,-22.8%,34.2%,25,-1,1,99.9%,-0.3%,-1.2%
,January 2016,"$1,478K",7.5%,-5.1%,109,-4.4%,0.9%,119,6.3%,16.7%,117,19.4%,34.5%,34,9,5,98.7%,-1.2%,-2.3%
,February 2016,"$1,255K",-15.1%,-18.1%,106,-2.8%,10.4%,125,5.0%,9.6%,117,0.0%,34.5%,40,6,16,98.3%,-0.4%,-2.7%
,March 2016,"$1,386K",10.4%,26.6%,103,-2.8%,25.6%,157,25.6%,0.0%,114,-2.6%,8.6%,39,-1,11,99.7%,1.3%,0.1%
,April 2016,"$1,410K",1.7%,-0.8%,111,7.8%,12.1%,161,2.5%,-7.5%,116,1.8%,0.0%,36,-3,17,100.4%,0.8%,-0.4%
,May 2016,"$1,755K",24.5%,7.3%,130,17.1%,9.2%,162,0.6%,-16.5%,122,5.2%,-1.6%,32,-4,11,100.8%,0.4%,-0.7%
,June 2016,"$1,831K",4.3%,12.6%,138,6.2%,-4.8%,166,2.5%,-15.3%,129,5.7%,-3.7%,28,-5,8,100.3%,-0.5%,-1.4%
,July 2016,"$1,788K",-2.3%,32.4%,128,-7.2%,-14.1%,172,3.6%,0.6%,135,4.7%,8.9%,26,-2,6,100.0%,-0.3%,-0.5%
,August 2016,"$1,738K",-2.8%,34.7%,126,-1.6%,-5.3%,179,4.1%,4.1%,134,-0.7%,-7.6%,25,-1,5,99.9%,-0.1%,-0.4%
,September 2016,"$1,685K",-3.0%,57.5%,135,7.1%,16.4%,170,-5.0%,0.6%,129,-3.7%,-14.0%,29,4,-8,99.3%,-0.6%,-0.3%
,October 2016,"$1,660K",-1.5%,52.3%,135,0.0%,23.9%,159,-6.5%,-9.7%,136,5.4%,-3.5%,34,5,-2,98.7%,-0.6%,-1.5%
,November 2016,"$1,596K",-3.9%,31.4%,123,-8.9%,6.0%,130,-18.2%,-13.9%,104,-23.5%,-18.1%,41,7,16,97.6%,-1.1%,-2.5%
,December 2016,"$1,650K",3.4%,20.0%,104,-15.4%,-8.8%,86,-33.8%,-23.2%,68,-34.6%,-30.6%,47,6,22,97.3%,-0.4%,-2.6%
,January 2017,"$1,813K",9.8%,22.6%,90,-13.5%,-17.4%,83,-3.5%,-30.3%,77,13.2%,-34.2%,46,-1,13,97.5%,0.3%,-1.2%
,February 2017,"$1,810K",-0.1%,44.2%,83,-7.8%,-21.7%,104,25.3%,-16.8%,98,27.3%,-16.2%,36,-10,-4,98.1%,0.6%,-0.2%
,March 2017,"$1,810K",0.0%,30.6%,81,-2.4%,-21.4%,157,51.0%,0.0%,118,20.4%,3.5%,22,-14,-17,98.9%,0.8%,-0.8%
,April 2017,"$1,675K",-7.5%,18.8%,91,12.3%,-18.0%,159,1.3%,-1.2%,117,-0.8%,0.9%,20,-2,-16,100.1%,1.3%,-0.3%
,May 2017,"$1,628K",-2.8%,-7.3%,102,12.1%,-21.5%,176,10.7%,8.6%,116,-0.9%,-4.9%,23,3,-9,100.5%,0.4%,-0.3%
,June 2017,"$1,788K",9.8%,-2.3%,130,27.5%,-5.8%,173,-1.7%,4.2%,124,6.9%,-3.9%,28,5,1,99.7%,-0.8%,-0.6%
,July 2017,"$1,935K",8.2%,8.2%,144,10.8%,12.5%,169,-2.3%,-1.7%,116,-6.5%,-14.1%,24,-4,-2,99.3%,-0.4%,-0.7%
,August 2017,"$2,100K",8.6%,20.9%,143,-0.7%,13.5%,151,-10.7%,-15.6%,108,-6.9%,-19.4%,26,2,1,98.8%,-0.5%,-1.1%
,September 2017,"$1,900K",-9.5%,12.8%,129,-9.8%,-4.4%,151,0.0%,-11.2%,117,8.3%,-9.3%,26,1,-3,98.7%,-0.1%,-0.6%
,October 2017,"$1,738K",-8.6%,4.7%,122,-5.4%,-9.6%,156,3.3%,-1.9%,117,0.0%,-14.0%,33,7,-2,98.7%,0.0%,0.0%
,November 2017,"$1,748K",0.6%,9.5%,118,-3.3%,-4.1%,154,-1.3%,18.5%,114,-2.6%,9.6%,27,-6,-15,99.5%,0.8%,1.9%
,December 2017,"$1,765K",1.0%,7.0%,114,-3.4%,9.6%,109,-29.2%,26.7%,87,-23.7%,27.9%,27,1,-20,100.2%,0.6%,2.9%
,January 2018,"$1,815K",2.8%,0.1%,99,-13.2%,10.0%,82,-24.8%,-1.2%,84,-3.4%,9.1%,27,0,-19,99.9%,-0.3%,2.4%
,February 2018,"$1,973K",8.7%,9.0%,88,-11.1%,6.0%,86,4.9%,-17.3%,96,14.3%,-2.0%,44,17,8,98.8%,-1.1%,0.7%
,March 2018,"$2,395K",21.4%,32.3%,84,-4.5%,3.7%,128,48.8%,-18.5%,107,11.5%,-9.3%,36,-8,14,98.0%,-0.8%,-0.9%
,April 2018,"$2,266K",-5.4%,35.3%,88,4.8%,-3.3%,172,34.4%,8.2%,135,26.2%,15.4%,29,-8,9,99.1%,1.1%,-1.0%
,May 2018,"$2,095K",-7.5%,28.7%,103,17.0%,1.0%,175,1.7%,-0.6%,126,-6.7%,8.6%,21,-8,-2,100.5%,1.4%,0.0%
,June 2018,"$2,123K",1.3%,18.7%,104,1.0%,-20.0%,176,0.6%,1.7%,134,6.3%,8.1%,19,-2,-9,101.2%,0.7%,1.5%
,July 2018,"$2,150K",1.3%,11.1%,131,26.0%,-9.0%,157,-10.8%,-7.1%,127,-5.2%,9.5%,23,4,-1,100.2%,-1.0%,0.8%
,August 2018,"$2,163K",0.6%,3.0%,134,2.3%,-6.3%,160,1.9%,6.0%,125,-1.6%,15.7%,30,7,5,99.8%,-0.4%,0.9%
,September 2018,"$2,150K",-0.6%,13.2%,129,-3.7%,0.0%,153,-4.4%,1.3%,144,15.2%,23.1%,42,12,16,99.1%,-0.6%,0.4%
,October 2018,"$2,280K",6.0%,31.2%,97,-24.8%,-20.5%,146,-4.6%,-6.4%,146,1.4%,24.8%,48,6,16,98.6%,-0.5%,-0.1%
,November 2018,"$2,055K",-9.9%,17.6%,84,-13.4%,-28.8%,144,-1.4%,-6.5%,141,-3.4%,23.7%,49,1,23,98.1%,-0.5%,-1.4%
,December 2018,"$1,785K",-13.1%,1.1%,87,3.6%,-23.7%,105,-27.1%,-3.7%,111,-21.3%,27.6%,44,-5,17,97.8%,-0.4%,-2.4%
,January 2019,"$1,625K",-9.0%,-10.4%,85,-2.3%,-14.1%,106,1.0%,29.3%,126,13.5%,50.0%,42,-2,15,97.9%,0.1%,-2.0%
,February 2019,"$1,900K",16.9%,-3.7%,83,-2.4%,-5.7%,108,1.9%,25.6%,148,17.5%,54.2%,54,12,10,96.4%,-1.5%,-2.3%
,March 2019,"$2,231K",17.4%,-6.9%,76,-8.4%,-9.5%,148,37.0%,15.6%,170,14.9%,58.9%,50,-4,14,97.4%,1.0%,-0.6%
,April 2019,"$1,975K",-11.5%,-12.8%,87,14.5%,-1.1%,160,8.1%,-7.0%,176,3.5%,30.4%,57,7,28,97.4%,0.0%,-1.7%
,May 2019,"$1,948K",-1.4%,-7.0%,106,21.8%,2.9%,179,11.9%,2.3%,189,7.4%,50.0%,54,-3,33,98.3%,0.8%,-2.2%
,June 2019,"$1,900K",-2.4%,-10.5%,115,8.5%,10.6%,183,2.2%,4.0%,205,8.5%,53.0%,56,2,37,98.0%,-0.2%,-3.1%
,July 2019,"$2,250K",18.4%,4.7%,121,5.2%,-7.6%,168,-8.2%,7.0%,191,-6.8%,50.4%,55,-2,32,98.3%,0.3%,-1.8%
,August 2019,"$1,849K",-17.8%,-14.5%,112,-7.4%,-16.4%,132,-21.4%,-17.5%,168,-12.0%,34.4%,59,5,29,98.6%,0.2%,-1.2%
,September 2019,"$1,892K",2.3%,-12.0%,115,2.7%,-10.9%,132,0.0%,-13.7%,170,1.2%,18.1%,65,6,23,98.6%,0.0%,-0.5%
,October 2019,"$1,475K",-22.0%,-35.3%,111,-3.5%,14.4%,143,8.3%,-2.1%,170,0.0%,16.4%,62,-3,14,98.3%,-0.4%,-0.4%
,November 2019,"$1,550K",5.1%,-24.6%,101,-9.0%,20.2%,136,-4.9%,-5.6%,152,-10.6%,7.8%,77,15,28,97.6%,-0.7%,-0.6%
,December 2019,"$1,823K",17.6%,2.1%,99,-2.0%,13.8%,93,-31.6%,-11.4%,108,-28.9%,-2.7%,84,8,40,96.7%,-0.9%,-1.1%
,January 2020,"$2,050K",12.5%,26.2%,95,-4.0%,11.8%,98,5.4%,-7.5%,131,21.3%,4.0%,101,17,59,96.8%,0.1%,-1.1%
,February 2020,"$1,938K",-5.5%,2.0%,90,-5.3%,8.4%,117,19.4%,8.3%,149,13.7%,0.7%,87,-14,34,96.9%,0.1%,0.5%
,March 2020,"$2,065K",6.6%,-7.4%,75,-16.7%,-1.3%,147,25.6%,-0.7%,142,-4.7%,-16.5%,73,-15,23,97.4%,0.5%,0.0%
,April 2020,"$1,817K",-12.0%,-8.0%,72,-4.0%,-17.2%,115,-21.8%,-28.1%,133,-6.3%,-24.4%,63,-10,6,97.2%,-0.2%,-0.2%
,May 2020,"$1,865K",2.7%,-4.2%,69,-4.2%,-34.9%,122,6.1%,-31.8%,161,21.1%,-14.8%,51,-12,-3,96.9%,-0.3%,-1.4%
,June 2020,"$1,813K",-2.8%,-4.6%,70,1.4%,-39.1%,156,27.9%,-14.8%,199,23.6%,-2.9%,56,5,0,96.2%,-0.7%,-1.9%
,July 2020,"$1,785K",-1.5%,-20.7%,83,18.6%,-31.4%,208,33.3%,23.8%,220,10.6%,15.2%,51,-6,-4,97.0%,0.9%,-1.3%
,August 2020,"$1,900K",6.4%,2.8%,119,43.4%,6.3%,220,5.8%,66.7%,216,-1.8%,28.6%,55,4,-5,97.9%,0.8%,-0.7%
,September 2020,"$2,183K",14.9%,15.4%,138,16.0%,20.0%,203,-7.7%,53.8%,217,0.5%,27.6%,53,-2,-12,98.4%,0.5%,-0.2%
,October 2020,"$2,382K",9.1%,61.5%,140,1.4%,26.1%,210,3.4%,46.9%,232,6.9%,36.5%,54,1,-8,98.0%,-0.4%,-0.3%
,November 2020,"$2,300K",-3.4%,48.4%,129,-7.9%,27.7%,179,-14.8%,31.6%,210,-9.5%,38.2%,54,0,-23,98.1%,0.1%,0.6%
,December 2020,"$2,250K",-2.2%,23.4%,135,4.7%,36.4%,150,-16.2%,61.3%,161,-23.3%,49.1%,70,16,-14,97.6%,-0.5%,0.9%
,January 2021,"$1,955K",-13.1%,-4.6%,122,-9.6%,28.4%,123,-18.0%,25.5%,178,10.6%,35.9%,77,7,-24,97.7%,0.2%,0.9%
,February 2021,"$1,914K",-2.1%,-1.2%,111,-9.0%,23.3%,145,17.9%,23.9%,182,2.2%,22.1%,85,8,-2,97.8%,0.1%,0.9%
,March 2021,"$1,837K",-4.0%,-11.1%,111,0.0%,48.0%,185,27.6%,25.9%,168,-7.7%,18.3%,70,-15,-3,99.2%,1.4%,1.8%
,April 2021,"$2,050K",11.6%,12.9%,169,52.3%,134.7%,205,10.8%,78.3%,159,-5.4%,19.5%,61,-9,-2,99.6%,0.4%,2.4%
,May 2021,"$2,100K",2.4%,12.6%,193,14.2%,179.7%,214,4.4%,75.4%,158,-0.6%,-1.9%,54,-7,3,99.9%,0.3%,3.0%
,June 2021,"$2,000K",-4.8%,10.3%,203,5.2%,190.0%,205,-4.2%,31.4%,147,-7.0%,-26.1%,51,-4,-6,100.0%,0.1%,3.8%
,July 2021,"$1,815K",-9.2%,1.7%,167,-17.7%,101.2%,186,-9.3%,-10.6%,147,0.0%,-33.2%,48,-3,-3,100.0%,0.0%,3.0%
,August 2021,"$1,700K",-6.3%,-10.5%,150,-10.2%,26.1%,175,-5.9%,-20.5%,140,-4.8%,-35.2%,48,0,-7,100.0%,0.0%,2.1%
"Los Angeles, CA - Westwood",January 2014,$790K,-13.2%,-4.4%,87,-19.4%,-22.3%,112,14.3%,-11.8%,113,1.8%,4.6%,32,0,-17,97.8%,0.4%,1.1%
,February 2014,$850K,7.6%,18.4%,83,-4.6%,-8.8%,111,-0.9%,-12.6%,105,-7.1%,5.0%,37,5,-16,97.3%,-0.5%,-0.3%
,March 2014,$880K,3.5%,39.8%,79,-4.8%,2.6%,150,35.1%,1.4%,123,17.1%,32.3%,39,3,5,97.7%,0.4%,-1.7%
,April 2014,$840K,-4.5%,24.4%,91,15.2%,-8.1%,165,10.0%,7.1%,130,5.7%,18.2%,36,-3,8,97.5%,-0.2%,-2.7%
,May 2014,$822K,-2.1%,5.4%,98,7.7%,-10.9%,196,18.8%,10.1%,136,4.6%,19.3%,24,-12,-2,98.6%,1.1%,-0.8%
,June 2014,$836K,1.7%,7.2%,108,10.2%,-11.5%,204,4.1%,7.4%,142,4.4%,12.7%,21,-3,-3,98.5%,-0.1%,-0.9%
,July 2014,$990K,18.4%,23.8%,119,10.2%,-6.3%,203,-0.5%,5.2%,142,0.0%,6.0%,19,-2,-6,98.8%,0.3%,-0.3%
,August 2014,$990K,0.0%,39.9%,119,0.0%,-15.0%,190,-6.4%,1.6%,137,-3.5%,7.9%,26,7,3,98.3%,-0.5%,-1.8%
,September 2014,$910K,-8.1%,17.5%,138,16.0%,4.5%,163,-14.2%,-13.8%,117,-14.6%,-13.3%,26,0,-1,98.6%,0.3%,-0.6%
,October 2014,$847K,-6.9%,2.6%,136,-1.4%,4.6%,142,-12.9%,-7.2%,117,0.0%,-8.6%,34,8,7,98.1%,-0.4%,-0.5%
,November 2014,$829K,-2.2%,-9.9%,134,-1.5%,20.7%,120,-15.5%,-12.4%,122,4.3%,2.5%,34,0,2,98.0%,-0.1%,0.8%
,December 2014,$800K,-3.5%,-12.1%,97,-27.6%,-10.2%,97,-19.2%,-1.0%,105,-13.9%,-5.4%,39,5,7,97.6%,-0.4%,0.2%
,January 2015,$823K,2.9%,4.2%,84,-13.4%,-3.4%,110,13.4%,-1.8%,118,12.4%,4.4%,37,-2,5,97.8%,0.2%,0.0%
,February 2015,$880K,6.9%,3.5%,74,-11.9%,-10.8%,120,9.1%,8.1%,107,-9.3%,1.9%,47,10,10,97.7%,-0.1%,0.4%
,March 2015,$865K,-1.7%,-1.7%,89,20.3%,12.7%,155,29.2%,3.3%,111,3.7%,-9.8%,34,-13,-5,97.7%,0.1%,0.0%
,April 2015,$870K,0.6%,3.6%,105,18.0%,15.4%,160,3.2%,-3.0%,122,9.9%,-6.2%,22,-13,-15,97.8%,0.1%,0.3%
,May 2015,$781K,-10.2%,-5.0%,120,14.3%,22.4%,172,7.5%,-12.2%,112,-8.2%,-17.6%,24,3,0,97.5%,-0.3%,-1.1%
,June 2015,$890K,14.0%,6.4%,132,10.0%,22.2%,182,5.8%,-10.8%,125,11.6%,-12.0%,28,4,7,97.6%,0.0%,-0.9%
,July 2015,$815K,-8.4%,-17.7%,131,-0.8%,10.1%,178,-2.2%,-12.3%,125,0.0%,-12.0%,39,12,20,98.1%,0.5%,-0.7%
,August 2015,$850K,4.3%,-14.1%,138,5.3%,16.0%,165,-7.3%,-13.2%,121,-3.2%,-11.7%,32,-7,6,99.0%,0.9%,0.7%
,September 2015,$815K,-4.1%,-10.4%,132,-4.3%,-4.3%,147,-10.9%,-9.8%,127,5.0%,8.5%,28,-4,2,99.1%,0.1%,0.5%
,October 2015,$890K,9.2%,5.0%,126,-4.5%,-7.4%,142,-3.4%,0.0%,123,-3.1%,5.1%,31,3,-3,98.9%,-0.2%,0.8%
,November 2015,$895K,0.6%,8.0%,108,-14.3%,-19.4%,130,-8.5%,8.3%,102,-17.1%,-16.4%,36,5,2,98.7%,-0.2%,0.7%
,December 2015,$860K,-3.9%,7.5%,100,-7.4%,3.1%,107,-17.7%,10.3%,90,-11.8%,-14.3%,46,10,7,97.9%,-0.8%,0.3%
,January 2016,$873K,1.5%,6.0%,82,-18.0%,-2.4%,104,-2.8%,-5.5%,101,12.2%,-14.4%,49,3,12,97.3%,-0.6%,-0.5%
,February 2016,$885K,1.4%,0.6%,75,-8.5%,1.4%,135,29.8%,12.5%,111,9.9%,3.7%,45,-4,-2,96.5%,-0.8%,-1.2%
,March 2016,$940K,6.2%,8.7%,89,18.7%,0.0%,176,30.4%,13.5%,122,9.9%,9.9%,24,-21,-10,98.6%,2.1%,0.9%
,April 2016,$945K,0.5%,8.6%,100,12.4%,-4.8%,185,5.1%,15.6%,124,1.6%,1.6%,20,-4,-2,99.3%,0.7%,1.4%
,May 2016,$935K,-1.1%,19.7%,126,26.0%,5.0%,183,-1.1%,6.4%,116,-6.5%,3.6%,21,1,-3,99.7%,0.4%,2.1%
,June 2016,$975K,4.3%,9.6%,133,5.6%,0.8%,171,-6.6%,-6.0%,118,1.7%,-5.6%,23,2,-5,99.5%,-0.1%,2.0%
,July 2016,$933K,-4.4%,14.4%,138,3.8%,5.3%,168,-1.8%,-5.6%,119,0.8%,-4.8%,28,5,-11,99.3%,-0.3%,1.2%
,August 2016,$980K,5.1%,15.3%,142,2.9%,2.9%,157,-6.5%,-4.8%,114,-4.2%,-5.8%,34,6,2,98.8%,-0.4%,-0.2%
,September 2016,$885K,-9.7%,8.6%,121,-14.8%,-8.3%,158,0.6%,7.5%,114,0.0%,-10.2%,40,6,12,98.7%,-0.2%,-0.4%
,October 2016,$949K,7.2%,6.6%,129,6.6%,2.4%,150,-5.1%,5.6%,109,-4.4%,-11.4%,35,-5,4,98.8%,0.1%,-0.1%
,November 2016,$947K,-0.2%,5.8%,122,-5.4%,13.0%,141,-6.0%,8.5%,113,3.7%,10.8%,28,-8,-9,98.8%,0.0%,0.0%
,December 2016,$999K,5.5%,16.2%,117,-4.1%,17.0%,111,-21.3%,3.7%,98,-13.3%,8.9%,31,4,-15,98.5%,-0.3%,0.6%
,January 2017,"$1,125K",12.6%,28.9%,96,-17.9%,17.1%,108,-2.7%,3.8%,88,-10.2%,-12.9%,25,-6,-24,98.0%,-0.5%,0.8%
,February 2017,"$1,080K",-4.0%,22.0%,85,-11.5%,13.3%,109,0.9%,-19.3%,91,3.4%,-18.0%,36,11,-9,98.1%,0.0%,1.6%
,March 2017,"$1,059K",-2.0%,12.6%,96,12.9%,7.9%,144,32.1%,-18.2%,100,9.9%,-18.0%,28,-8,4,98.6%,0.6%,0.0%
,April 2017,$905K,-14.5%,-4.2%,107,11.5%,7.0%,155,7.6%,-16.2%,111,11.0%,-10.5%,29,1,9,99.7%,1.1%,0.4%
,May 2017,$965K,6.6%,3.2%,124,15.9%,-1.6%,167,7.7%,-8.7%,117,5.4%,0.9%,23,-6,2,100.1%,0.3%,0.4%
,June 2017,"$1,084K",12.3%,11.2%,126,1.6%,-5.3%,153,-8.4%,-10.5%,111,-5.1%,-5.9%,20,-3,-3,101.0%,0.9%,1.4%
,July 2017,"$1,128K",4.1%,20.9%,126,0.0%,-8.7%,146,-4.6%,-13.1%,116,4.5%,-2.5%,25,5,-3,100.0%,-0.9%,0.8%
,August 2017,"$1,098K",-2.6%,12.0%,119,-5.6%,-16.2%,139,-4.8%,-11.5%,112,-3.4%,-1.8%,22,-3,-12,100.7%,0.6%,1.8%
,September 2017,"$1,150K",4.7%,29.9%,105,-11.8%,-13.2%,137,-1.4%,-13.3%,114,1.8%,0.0%,41,19,1,99.3%,-1.4%,0.7%
,October 2017,"$1,150K",0.0%,21.2%,104,-1.0%,-19.4%,129,-5.8%,-14.0%,103,-9.6%,-5.5%,31,-10,-4,99.8%,0.5%,1.0%
,November 2017,"$1,180K",2.6%,24.6%,95,-8.7%,-22.1%,117,-9.3%,-17.0%,97,-5.8%,-14.2%,34,3,7,99.3%,-0.5%,0.5%
,December 2017,"$1,109K",-6.0%,11.0%,101,6.3%,-13.7%,91,-22.2%,-18.0%,76,-21.6%,-22.4%,32,-2,1,99.7%,0.5%,1.2%
,January 2018,"$1,144K",3.1%,1.6%,98,-3.0%,2.1%,96,5.5%,-11.1%,78,2.6%,-11.4%,33,1,8,98.8%,-1.0%,0.7%
,February 2018,"$1,090K",-4.7%,0.9%,91,-7.1%,7.1%,113,17.7%,3.7%,79,1.3%,-13.2%,44,12,8,98.4%,-0.4%,0.3%
,March 2018,"$1,047K",-3.9%,-1.1%,99,8.8%,3.1%,138,22.1%,-4.2%,86,8.9%,-14.0%,29,-15,1,98.9%,0.6%,0.3%
,April 2018,"$1,050K",0.3%,16.0%,105,6.1%,-1.9%,137,-0.7%,-11.6%,89,3.5%,-19.8%,27,-2,-2,100.3%,1.4%,0.6%
,May 2018,"$1,150K",9.5%,19.2%,109,3.8%,-12.1%,137,0.0%,-18.0%,94,5.6%,-19.7%,21,-6,-2,100.8%,0.5%,0.7%
,June 2018,"$1,241K",7.9%,14.5%,97,-11.0%,-23.0%,144,5.1%,-5.9%,99,5.3%,-10.8%,23,2,3,100.6%,-0.2%,-0.3%
,July 2018,"$1,250K",0.7%,10.8%,103,6.2%,-18.3%,159,10.4%,8.9%,106,7.1%,-8.6%,25,3,0,99.6%,-1.1%,-0.5%
,August 2018,"$1,200K",-4.0%,9.3%,103,0.0%,-13.4%,152,-4.4%,9.4%,105,-0.9%,-6.3%,25,0,3,99.3%,-0.3%,-1.4%
,September 2018,"$1,149K",-4.3%,-0.1%,100,-2.9%,-4.8%,166,9.2%,21.2%,123,17.1%,7.9%,25,0,-16,99.1%,-0.2%,-0.2%
,October 2018,"$1,055K",-8.2%,-8.3%,104,4.0%,0.0%,157,-5.4%,21.7%,119,-3.3%,15.5%,26,1,-6,99.4%,0.3%,-0.4%
,November 2018,"$1,182K",12.0%,0.2%,112,7.7%,17.9%,152,-3.2%,29.9%,124,4.2%,27.8%,29,4,-5,98.6%,-0.8%,-0.7%
,December 2018,"$1,263K",6.8%,13.8%,108,-3.6%,6.9%,108,-28.9%,18.7%,105,-15.3%,38.2%,29,0,-3,98.7%,0.1%,-1.1%
,January 2019,"$1,414K",12.0%,23.7%,82,-24.1%,-16.3%,93,-13.9%,-3.1%,112,6.7%,43.6%,40,11,7,97.6%,-1.1%,-1.2%
,February 2019,"$1,325K",-6.3%,21.6%,61,-25.6%,-33.0%,80,-14.0%,-29.2%,114,1.8%,44.3%,49,10,5,97.6%,0.0%,-0.8%
,March 2019,"$1,151K",-13.2%,9.9%,70,14.8%,-29.3%,110,37.5%,-20.3%,115,0.9%,33.7%,67,18,38,96.6%,-1.0%,-2.3%
,April 2019,"$1,025K",-10.9%,-2.4%,82,17.1%,-21.9%,131,19.1%,-4.4%,135,17.4%,51.7%,60,-7,33,97.9%,1.4%,-2.4%
,May 2019,"$1,083K",5.6%,-5.9%,98,19.5%,-10.1%,170,29.8%,24.1%,160,18.5%,70.2%,51,-9,30,97.9%,0.0%,-2.9%
,June 2019,"$1,288K",19.0%,3.8%,99,1.0%,2.1%,176,3.5%,22.2%,176,10.0%,77.8%,48,-3,26,98.0%,0.1%,-2.7%
,July 2019,"$1,139K",-11.6%,-8.9%,108,9.1%,4.9%,170,-3.4%,6.9%,167,-5.1%,57.5%,54,6,29,97.3%,-0.7%,-2.3%
,August 2019,$994K,-12.7%,-17.2%,110,1.9%,6.8%,150,-11.8%,-1.3%,166,-0.6%,58.1%,55,1,30,97.7%,0.4%,-1.5%
,September 2019,$971K,-2.3%,-15.5%,117,6.4%,17.0%,136,-9.3%,-18.1%,149,-10.2%,21.1%,58,3,33,98.4%,0.6%,-0.7%
,October 2019,$995K,2.5%,-5.7%,107,-8.5%,2.9%,132,-2.9%,-15.9%,149,0.0%,25.2%,61,4,36,98.8%,0.5%,-0.5%
,November 2019,"$1,150K",15.6%,-2.7%,98,-8.4%,-12.5%,122,-7.6%,-19.7%,147,-1.3%,18.5%,68,7,39,98.3%,-0.6%,-0.3%
,December 2019,"$1,200K",4.3%,-5.0%,97,-1.0%,-10.2%,99,-18.9%,-8.3%,115,-21.8%,9.5%,71,3,42,97.3%,-0.9%,-1.4%
,January 2020,"$1,285K",7.1%,-9.1%,93,-4.1%,13.4%,98,-1.0%,5.4%,124,7.8%,10.7%,77,7,38,97.0%,-0.3%,-0.6%
,February 2020,"$1,250K",-2.7%,-5.7%,96,3.2%,57.4%,114,16.3%,42.5%,137,10.5%,20.2%,87,10,38,97.1%,0.1%,-0.5%
,March 2020,"$1,305K",4.4%,13.4%,85,-11.5%,21.4%,135,18.4%,22.7%,129,-5.8%,12.2%,84,-3,17,97.8%,0.7%,1.2%
,April 2020,"$1,200K",-8.0%,17.1%,75,-11.8%,-8.5%,114,-15.6%,-13.0%,121,-6.2%,-10.4%,75,-9,15,97.9%,0.1%,0.0%
,May 2020,"$1,200K",0.0%,10.9%,59,-21.3%,-39.8%,114,0.0%,-32.9%,151,24.8%,-5.6%,70,-6,19,97.5%,-0.4%,-0.4%
,June 2020,"$1,038K",-13.5%,-19.4%,44,-25.4%,-55.6%,129,13.2%,-26.7%,174,15.2%,-1.1%,56,-14,8,96.5%,-1.0%,-1.5%
,July 2020,$952K,-8.2%,-16.4%,59,34.1%,-45.4%,166,28.7%,-2.4%,181,4.0%,8.4%,56,0,2,96.7%,0.2%,-0.6%
,August 2020,"$1,005K",5.5%,1.1%,90,52.5%,-18.2%,171,3.0%,14.0%,183,1.1%,10.2%,58,2,3,97.1%,0.4%,-0.7%
,September 2020,"$1,045K",4.0%,7.6%,109,21.1%,-6.8%,182,6.4%,33.8%,203,10.9%,36.2%,55,-4,-3,97.1%,0.0%,-1.3%
,October 2020,"$1,093K",4.5%,9.8%,110,0.9%,2.8%,186,2.2%,40.9%,218,7.4%,46.3%,56,2,-5,97.0%,-0.1%,-1.9%
,November 2020,"$1,038K",-5.0%,-9.8%,88,-20.0%,-10.2%,179,-3.8%,46.7%,212,-2.8%,44.2%,56,-1,-13,97.1%,0.1%,-1.2%
,December 2020,"$1,035K",-0.2%,-13.8%,92,4.5%,-5.2%,137,-23.5%,38.4%,172,-18.9%,49.6%,61,5,-10,97.5%,0.4%,0.1%
,January 2021,"$1,020K",-1.4%,-20.6%,89,-3.3%,-4.3%,123,-10.2%,25.5%,169,-1.7%,36.3%,63,3,-14,97.7%,0.3%,0.7%
,February 2021,"$1,010K",-1.0%,-19.2%,97,9.0%,1.0%,126,2.4%,10.5%,164,-3.0%,19.7%,68,5,-19,97.8%,0.1%,0.7%
,March 2021,"$1,085K",7.4%,-16.9%,113,16.5%,32.9%,175,38.9%,29.6%,173,5.5%,34.1%,76,8,-9,97.8%,0.0%,0.0%
,April 2021,"$1,210K",11.5%,0.8%,128,13.3%,70.7%,206,17.7%,80.7%,185,6.9%,52.9%,68,-8,-7,97.8%,0.0%,-0.1%
,May 2021,"$1,251K",3.4%,4.2%,144,12.5%,144.1%,208,1.0%,82.5%,182,-1.6%,20.5%,55,-13,-15,98.1%,0.3%,0.6%
,June 2021,"$1,278K",2.2%,23.1%,140,-2.8%,218.2%,206,-1.0%,59.7%,185,1.6%,6.3%,47,-8,-9,98.8%,0.7%,2.3%
,July 2021,"$1,226K",-4.0%,28.8%,141,0.7%,139.0%,208,1.0%,25.3%,196,5.9%,8.3%,44,-3,-12,99.3%,0.5%,2.6%
,August 2021,"$1,195K",-2.5%,19.0%,137,-2.8%,52.2%,203,-2.4%,18.7%,186,-5.1%,1.6%,47,3,-11,99.3%,0.1%,2.3%